Top queries,Clicks,Impressions,CTR,Position
hsbte previous year question paper,221,2196,10.06%,5.01
hsbte pyq,135,668,20.21%,4.12
hsbte leet,133,158,84.18%,2.2
hsbte old question paper,125,1459,8.57%,5.01
haryana leet previous year question paper,107,192,55.73%,1.97
hsbteleet.com,101,272,37.13%,5.15
hsbte question paper,88,906,9.71%,5.9
hsbte pyq question paper,70,297,23.57%,4.41
hsbte previous year question paper pdf download,66,399,16.54%,5.01
leet previous year question paper,60,203,29.56%,4.16
haryana leet 2026,43,325,13.23%,4.66
hsbte,42,2751,1.53%,7.95
hsbte syllabus,39,688,5.67%,3.71
haryana leet,39,310,12.58%,8.2
hsbteleet,35,45,77.78%,4.73
hsbte result 2026,32,1213,2.64%,5.1
hsbt question paper,32,249,12.85%,4.83
hsbte previous year question papers pdf,31,178,17.42%,5.69
hsbte previous year question papers pdf with solutions,26,185,14.05%,5.66
hsbte result,24,1308,1.83%,6.55
hsbte syllabus 2026,21,145,14.48%,2.52
haryana leet syllabus 2026,21,84,25%,2.69
haryana leet exam date 2026,20,1044,1.92%,5.08
hstes leet,20,98,20.41%,9.43
hsbte previous year question papers,19,273,6.96%,6.87
haryana leet pyq,19,33,57.58%,1
previous year question paper hsbte,17,140,12.14%,5.32
haryana leet syllabus,12,263,4.56%,6.92
haryana leet sample paper,12,17,70.59%,2.47
hsbte previous year question papers mechanical engineering,11,88,12.5%,5.65
hsbte questions paper,10,131,7.63%,26.09
hsbte previous year question papers electrical engineering,10,36,27.78%,5
hsbte previous year question papers pdf download,9,93,9.68%,5.05
hsbte online question paper,9,71,12.68%,6.13
hsbte paper,7,88,7.95%,5.55
hsbte question paper 2025,6,109,5.5%,7.24
haryana polytechnic previous year question paper,6,82,7.32%,5.15
leet haryana 2026,6,77,7.79%,4.08
leet haryana,6,63,9.52%,7.22
leet previous year question paper with solutions pdf,6,48,12.5%,4.06
leet exam previous year question paper,6,39,15.38%,4.59
hsbte syllabus for diploma,5,122,4.1%,6.01
hstes leet 2026,5,87,5.75%,4.82
hsbte d pharmacy previous year question papers,5,49,10.2%,4.04
hsbte previous year paper,5,26,19.23%,4.46
haryana leet form date 2026,4,246,1.63%,5.78
hsbte question paper previous year,4,98,4.08%,5.55
hsbte syllabus pdf,4,93,4.3%,5.16
http://103.234.185.158/show_my_result,4,86,4.65%,4.86
hsbte previous year question papers civil engineering,4,62,6.45%,6.4
leet pyq,4,29,13.79%,2
leet exam 2026,3,70,4.29%,7
automobile engineering previous year question paper,3,45,6.67%,6.09
pyq of d pharmacy 1st year,3,29,10.34%,6.45
old question paper hsbte,3,25,12%,4.84
diploma automobile engineering previous question papers,3,19,15.79%,2.84
hsbte syllabus 2025 pdf download,3,10,30%,4.2
hsbte old result pdf,3,7,42.86%,1
leet syllabus 2026,2,115,1.74%,7.52
103.234.185.158,2,94,2.13%,4.24
hsbte result login,2,65,3.08%,7.06
pharmaceutics previous year question paper d pharmacy 1st year,2,62,3.23%,6.52
hsbte admit card,2,53,3.77%,5.06
hsbte syllabus 2025,2,47,4.26%,4.85
previous year question paper of d pharmacy 1st year,2,45,4.44%,8.02
automation and robotics diploma question paper,2,39,5.13%,5.92
haryana leet book,2,36,5.56%,4.67
leet 2026,2,34,5.88%,6
hsbte d pharmacy question paper,2,31,6.45%,4.23
hsbte old question paper 2025,2,19,10.53%,5.05
d pharmacy 1st year previous question papers,2,18,11.11%,5.56
hsbte result diploma,2,14,14.29%,6.36
haryana leet registration 2026,1,395,0.25%,6.95
ocet entrance test haryana 2026,1,203,0.49%,6.15
hbste,1,99,1.01%,7.76
habte,1,64,1.56%,8.81
hsbte old result,1,55,1.82%,8.95
hsbte question paper download,1,52,1.92%,5.38
hsbte online,1,47,2.13%,7.09
leet form date 2026,1,38,2.63%,7.47
leet exam date 2026,1,34,2.94%,7.76
leet question paper,1,28,3.57%,6.39
hsbte sample paper,1,27,3.7%,5.19
haryana state board of technical education panchkula result,1,27,3.7%,7.22
diploma automobile engineering question paper pdf,1,27,3.7%,7.67
hsbte results,1,27,3.7%,8.56
leet exam question paper,1,24,4.17%,6.33
ocet previous year question paper,1,23,4.35%,6.22
hstes syllabus,1,18,5.56%,5.11
hbset result,1,16,6.25%,4.56
previous year question paper d pharmacy 1st year,1,15,6.67%,6.8
haryana leet exam syllabus,1,15,6.67%,7.2
leet question paper 2025,1,9,11.11%,5.78
d pharmacy previous year question papers,1,9,11.11%,22.78
automation and robotics question papers,1,7,14.29%,5.29
hsbte syllabus mechanical engineering,1,7,14.29%,9.86
hsbt result,1,6,16.67%,6
hsb result,1,6,16.67%,8.67
ha,1,5,20%,3.4
hsbte online.com,1,5,20%,10.6
haryana,1,4,25%,4
hsbte old question paper pdf download,1,4,25%,4
hsbte syllabus civil engineering 2025,1,4,25%,7.25
pyqs,1,3,33.33%,2.67
d pharmacy 1st year question paper pdf free download,1,3,33.33%,18
hsbte diploma certificate download,1,3,33.33%,31.67
lateral entry entrance test,1,2,50%,3
previous year question papers,1,2,50%,6
hsbte old question paper 2024,1,2,50%,7
1st semester marksheet,1,1,100%,1
2 semester,1,1,100%,1
civil engineering 4th semester question paper,1,1,100%,1
electrical engineering 4th sem question papers,1,1,100%,1
free,1,1,100%,1
paper kaisa hota hai,1,1,100%,1
previous paper,1,1,100%,1
pyq link,1,1,100%,1
result polytechnic,1,1,100%,2
section a,1,1,100%,2
registration link,1,1,100%,3
sample papers,1,1,100%,3
hsbte diploma result 2026,1,1,100%,4
mathematics syllabus,1,1,100%,4
previous year question,1,1,100%,4
exam papers,1,1,100%,9
polytechnic 2023 question paper pdf download,1,1,100%,23
ocet exam date 2026,0,699,0%,9.54
haryana leet application form 2026,0,229,0%,7.39
leet exam 2026 date,0,198,0%,8.1
q10fet,0,146,0%,8.84
hstes counselling 2026,0,139,0%,10.27
"""biomaterials"" ""heart valve"" mcq",0,95,0%,5.38
hsbt,0,89,0%,7.44
"what does abbreviation ""r.c."" of a vehicle stands for: a) running 
certificate. b) rto certificate c)registration certificate d)required 
certificate",0,64,0%,9.2
leet exam syllabus,0,57,0%,11.68
"""principal marking tool used in fitting shop""",0,51,0%,1.8
b tech leet,0,50,0%,52.54
fashion technology question papers,0,48,0%,14.17
"""principal marking tool used in fitting shop is""",0,47,0%,1.81
leet paper,0,47,0%,4.09
"""market survey and opportunity identification-scanning of business 
environment""",0,46,0%,9.2
ocet 2026,0,44,0%,7.64
103.234.185.158/show_my_result,0,43,0%,5.6
hstes leet registration,0,42,0%,10.12
hsbte result 2026 official website,0,40,0%,5.12
"""biomaterials"" ""heart valves"" mcq",0,40,0%,6
hsbte result 2026 date,0,40,0%,6.28
"""tractor and special purpose vehicles"" ""government polytechnic"" manesar",0,38,0%,4.76
leet 2026 exam date,0,38,0%,7.89
haryana leet colleges,0,37,0%,10.03
"""220753"" ""useful life of timber bridge"" answer",0,35,0%,1.74
hstes previous year question paper,0,35,0%,5.11
haryana leet 2026 registration,0,34,0%,7.21
hstes exam date 2026,0,32,0%,10.19
mechanical engineering 6th sem question papers,0,31,0%,6.45
show result hsbte,0,30,0%,5.07
hstes leet exam dates,0,27,0%,13.15
haryana polytechnic syllabus,0,25,0%,5.76
haryana leet exam,0,25,0%,5.84
hstes leet counselling,0,25,0%,11
hsbte previous year question paper computer engineering,0,24,0%,4.96
show my result hsbte,0,21,0%,6.62
hstes last year cutoff,0,19,0%,8.53
"""customer strategy grid"" crm",0,19,0%,8.95
which of the following stress can plain cement concrete endure,0,19,0%,10.47
leet syllabus,0,19,0%,22
leet exam haryana,0,17,0%,6.24
hsbte rechecking result 2026,0,17,0%,8.12
ocet exam syllabus,0,17,0%,8.41
"which e-commerce transaction provides the benefits of eliminating the 
requirement of a middleman?",0,17,0%,9.94
hstes counselling registration 2026,0,17,0%,10.41
yes,0,16,0%,5.12
hsbte dmc download pdf,0,15,0%,1.2
hsbte paper download,0,15,0%,5.87
hsbte.com,0,15,0%,6.53
"""primary motions of a loom"" shedding picking beating up",0,15,0%,11.2
d pharmacy 1st year question paper 2025,0,14,0%,8.07
hsbte result 2024,0,13,0%,44.31
निम्नलिखित में से कौन गृह व्यवस्था विभाग का कार्मिक नहीं है,0,12,0%,1
leet2026,0,12,0%,8.42
hstes registration 2026,0,12,0%,8.75
syllabus,0,11,0%,3.55
103.234.185.158.,0,11,0%,5.18
leet exam form date 2026,0,11,0%,7.27
hsbte rechecking result,0,11,0%,21.82
hsbte admit card download,0,10,0%,6.6
d pharmacy 1st year paper 2025,0,10,0%,7
hsbte diploma syllabus,0,10,0%,7.4
hsbet,0,10,0%,8
leet exam syllabus 2026,0,10,0%,8.2
"""principal marking tool"" ""fitting shop""",0,10,0%,8.7
hsbte result 2018,0,10,0%,23.9
hsbte polytechnic previous year question paper,0,9,0%,4.44
hsbte civil engineering syllabus,0,9,0%,6.78
hsbte previous paper,0,9,0%,7.33
"""primary motions of a loom"" shedding picking beat-up",0,9,0%,10.67
leet full form,0,9,0%,18.78
leet exam kya hota hai,0,8,0%,1
hsbte.hry.in result,0,8,0%,5.12
chbte,0,8,0%,5.5
diploma in hotel management question papers,0,8,0%,6.38
biochemistry previous year question paper d pharmacy 2nd year,0,8,0%,7.25
leet entrance exam date 2026,0,8,0%,9.12
"""fill in the blank"" ""reversed carnot cycle""",0,8,0%,9.5
"which of the following is an application of artificial intelligence? 10 
poin a) it helps to exploit vulnerabilities to secure the firm b) language 
understanding and problem-solving (text analytics and nlp) c) easy to 
create a website d) it helps to deploy applications on the cloud",0,8,0%,10.25
ocet syllabus,0,8,0%,11.38
hstes cut off,0,8,0%,19.12
hsbte.org.in results,0,8,0%,24.25
hsbte rechecking result 2017,0,8,0%,25.12
ocet exam,0,7,0%,2.29
diploma mechanical engineering question papers pdf free download,0,7,0%,3
"""what substances are added to lighten dough""",0,7,0%,5.29
hstes exam syllabus,0,7,0%,5.57
hsbte diploma result,0,7,0%,6.29
d pharmacy 1st year previous year question paper,0,7,0%,8.14
leet college list,0,7,0%,8.14
leet registration 2026,0,7,0%,8.43
q10eia,0,7,0%,8.43
hsbte syllabus computer engg 2025,0,7,0%,10.29
leet exam registration date 2026,0,7,0%,10.71
hsbte student login,0,7,0%,13.71
http show_my_result,0,6,0%,4.67
leet pdf,0,6,0%,4.83
leet exam pattern,0,6,0%,6.17
hsbte result rechecking,0,6,0%,7.33
hsbte result 2026 rechecking,0,6,0%,7.67
ai and ml previous year question papers,0,6,0%,8.33
d pharmacy 1st year 2025 question paper,0,6,0%,8.67
"""reversed carnot cycle"" ""fill in the blank""",0,6,0%,9.83
"""extra weft figuring"" brocade",0,6,0%,10.33
d pharmacy last year question paper,0,6,0%,14.67
hstes syllabus 2024,0,6,0%,23.33
kuk cse semi-conductor physics solved question paper,0,6,0%,46.5
hsbte result dec 2025,0,5,0%,1
lateral entry exam date 2026,0,5,0%,1
http://103.234.185.158,0,5,0%,4.4
hsbte roll number,0,5,0%,4.8
hsbte last year question paper,0,5,0%,6.2
leet exam 2026 registration last date,0,5,0%,6.6
haryana leet exam 2026 registration last date,0,5,0%,6.8
"""casting out"" jacquard definition",0,5,0%,7.4
hsbte.,0,5,0%,7.4
hsbte result rechecking 2026,0,5,0%,8
pharmacognosy previous year question papers d pharmacy 1st year,0,5,0%,8
d pharma 1st year question paper 2025,0,5,0%,10
hsbte result 2025 december,0,5,0%,10
"""god-pod method"" mcq",0,5,0%,11.2
result hsbte,0,5,0%,20.4
hsbte hry in result,0,5,0%,48.6
what is the bounce rate in google analytics mcq,0,5,0%,94.4
hsbte result december 2025,0,4,0%,1
hsbte.org.in result 2026,0,4,0%,2
exam pattern,0,4,0%,3.5
result link:-http://103.234.185.158/show_my_result,0,4,0%,3.75
hsbte previous year question paper 2025,0,4,0%,4
pyq,0,4,0%,4
103.234.185.158 result,0,4,0%,4.5
hsbte result check,0,4,0%,5
hsbte show my result,0,4,0%,5
hsbtr,0,4,0%,5
d pharmacy subjects 1st year question paper,0,4,0%,6
previous year question paper d pharmacy 2nd year,0,4,0%,6
hbste result,0,4,0%,6.25
haryana pharmacist previous year question paper pdf download,0,4,0%,6.5
hsbt 2026,0,4,0%,6.75
hsbte official website,0,4,0%,7
d pharmacy 2nd year previous year question paper,0,4,0%,7.75
automation and plc previous year question paper,0,4,0%,8.5
hsbye,0,4,0%,10
hstbe,0,4,0%,10
"emotional intelligence is characterized by? proficient in problem solving 
better interpersonal relationships high abstract thinking ability good 
sense of humour",0,4,0%,10.75
"""fresh sewage is"" ""in nature"" acidic neutral alkaline",0,4,0%,11.5
hsbte rechecking,0,4,0%,24.75
hsbte reappear result 2021,0,4,0%,37.5
hsbte.org.in result,0,4,0%,45.75
haryana polytechnic admission 2026,0,3,0%,1
hstes,0,3,0%,2
d pharma 1st year question paper,0,3,0%,4.33
d pharma 2024 1st year paper,0,3,0%,5
haryana polytechnic result 2025,0,3,0%,5
habte question paper,0,3,0%,5.33
hsrte,0,3,0%,5.33
leet paper 2026,0,3,0%,6
d pharm 1st year 2025 question paper,0,3,0%,6.33
hsbts,0,3,0%,7
diploma mechanical engineering 2nd sem question papers pdf,0,3,0%,7.33
hsbte website,0,3,0%,7.67
hsnte,0,3,0%,7.67
omca diploma,0,3,0%,7.67
hsbte login portal,0,3,0%,8
hsbte syllabus mechanical engineering 2025,0,3,0%,9
hsbte student login result,0,3,0%,9.67
2026 leet,0,3,0%,11
leet 2026 registration date,0,3,0%,11.33
"""casting out"" jacquard",0,3,0%,11.67
polytechnic previous year question paper,0,3,0%,11.67
hsbte registration,0,3,0%,13.33
robotics previous question papers,0,3,0%,16
hsbte admission,0,3,0%,21
hsbte result 2023,0,3,0%,25
hsbte org in results,0,3,0%,28.33
psbte syllabus,0,3,0%,28.67
hsbte result reappear,0,3,0%,41
hsbte login result,0,3,0%,44.67
untrimmed size of drawing sheet,0,3,0%,48.67
ocet entrance test,0,2,0%,1
pharmaceutics paper 2026,0,2,0%,1
solve,0,2,0%,1
syllabus of leet exam 2026,0,2,0%,1
ece 4th semester previous question papers,0,2,0%,1.5
in english,0,2,0%,1.5
"""b-sharpe"" -site:reddit.com -site:twitter.com -site:x.com -site:wykop.pl 
-site:tripadvisor.com -site:youtube.com -site:yelp.com -site:booking.com 
-site:facebook.com -site:instagram.com -site:tiktok.com",0,2,0%,2
hstes counselling,0,2,0%,2
hsbte result 2026 link,0,2,0%,2.5
hsbte result june 2025,0,2,0%,2.5
govt polytechnic result 2026,0,2,0%,3
hsbte old result 2nd year,0,2,0%,3
hstes result 2025,0,2,0%,3
leet,0,2,0%,3.5
polytechnic 4th sem previous question papers,0,2,0%,3.5
http 103.234 185.158 show_my_result,0,2,0%,4
ocet,0,2,0%,4
pdf,0,2,0%,4.5
textile design question paper,0,2,0%,4.5
computer,0,2,0%,5
hsbte diploma result 2025,0,2,0%,5
"""tractor and special purpose vehicles"" ppt",0,2,0%,5.5
haryana polytechnic entrance exam syllabus,0,2,0%,5.5
hsbte 2026,0,2,0%,5.5
previous year question paper,0,2,0%,5.5
previous year question paper of d pharmacy 2nd year,0,2,0%,5.5
hsbte passing marks,0,2,0%,6
hstte,0,2,0%,6
"""tractor and special purpose vehicles""",0,2,0%,6.5
automobile engineering question paper,0,2,0%,6.5
hsbbe,0,2,0%,6.5
hsbte.org.in,0,2,0%,6.5
jsbte,0,2,0%,6.5
"the principal ion that is not involved with the phenomenon of producing 
cell potential is",0,2,0%,6.5
103.234.185.158 show my result,0,2,0%,7
electrical,0,2,0%,7
d pharma 1st year paper 2025,0,2,0%,7.5
d pharma 1st year pharmaceutics previous year question paper,0,2,0%,7.5
d pharmacy 1st year pharmaceutics question paper 2025,0,2,0%,7.5
"hpsc assistant professor library & information science previous year 
question papers",0,2,0%,7.5
hsbte diploma question paper,0,2,0%,7.5
d pharm 1st year question paper 2025,0,2,0%,8
hsbte contact number,0,2,0%,8
haryana leet form,0,2,0%,8.5
faa pyq,0,2,0%,9
han,0,2,0%,9
"hpsc assistant professor library and information science previous year 
questions",0,2,0%,9
hsbte portal,0,2,0%,9
pyq d pharma 1st year,0,2,0%,9
hsbte diploma,0,2,0%,9.5
hsteb,0,2,0%,9.5
"""primary motions of a loom"" shedding picking beat up",0,2,0%,10
hpsc lecturer library science previous year question paper pdf,0,2,0%,10
hsbte re check result,0,2,0%,10
leet application form 2026,0,2,0%,10
leet rank,0,2,0%,10.5
hsb syllabus 2026,0,2,0%,11
ocet entrance test syllabus,0,2,0%,11
d pharmacy 2nd year previous question papers,0,2,0%,11.5
digital cash has following characteristic,0,2,0%,19
haryana state board of technical education result,0,2,0%,19
haryana polytechnic result,0,2,0%,21.5
d pharmacy 1st year question papers solved pdf 2023,0,2,0%,29
hsbte result 2019,0,2,0%,30.5
cyclopean aggregate,0,2,0%,31
hsbte full form,0,2,0%,32
hsbte marksheet download,0,2,0%,32
leet exam,0,2,0%,35
wagner earthing device,0,2,0%,35.5
hsbte result 2016,0,2,0%,38
sheaf catalogue,0,2,0%,38
d pharmacy 2nd year question papers pdf,0,2,0%,38.5
hsbte result 1st year,0,2,0%,38.5
hsbte org in result,0,2,0%,39
d pharma 1st year previous year question paper,0,2,0%,46
digital cash has following characteristics,0,2,0%,47
d pharmacy 1st year question paper 2022 pdf download,0,2,0%,50
punjab technical board syllabus,0,2,0%,57
d pharmacy 1st year question paper 2018,0,2,0%,69.5
hsbte result 2025 diploma,0,2,0%,81.5
complementary goods examples car and petrol,0,2,0%,99
2nd year ke,0,1,0%,1
and syllabus,0,1,0%,1
bhejo,0,1,0%,1
computer science,0,1,0%,1
d pharmacy exam date 2026 haryana,0,1,0%,1
d pharmacy reappear result 2025,0,1,0%,1
d pharmacy reappear result 2026,0,1,0%,1
details of paper,0,1,0%,1
diploma result 2025,0,1,0%,1
entrance test,0,1,0%,1
for mechanical,0,1,0%,1
hsbte logo,0,1,0%,1
hsbte rechecking result 2026 kab aayega,0,1,0%,1
is it computer based,0,1,0%,1
leet exam colleges,0,1,0%,1
leet exam form,0,1,0%,1
leet exam kya hai,0,1,0%,1
pdf ka link do,0,1,0%,1
polytechnic 1st semester result 2026 date,0,1,0%,1
polytechnic first semester result,0,1,0%,1
q6,0,1,0%,1
question paper and answer,0,1,0%,1
top colleges,0,1,0%,1
103.234 185.158 show my result hsbte org,0,1,0%,2
11th ka,0,1,0%,2
3 4 5 6,0,1,0%,2
ans,0,1,0%,2
answer key pdf,0,1,0%,2
calculus questions,0,1,0%,2
centre ?,0,1,0%,2
civil cutoff,0,1,0%,2
d pharm 1st year question paper,0,1,0%,2
details,0,1,0%,2
diploma 2nd year previous question papers,0,1,0%,2
eg,0,1,0%,2
electrical network,0,1,0%,2
english question paper,0,1,0%,2
for aiml students,0,1,0%,2
for btech,0,1,0%,2
haryana board,0,1,0%,2
hsbte board,0,1,0%,2
hsbte org in result 2026,0,1,0%,2
hsbte result 2024 diploma link,0,1,0%,2
in 2025,0,1,0%,2
kitne marks ka paper hoga,0,1,0%,2
let exam date,0,1,0%,2
meaning of leet,0,1,0%,2
mlt 1st year question papers 2025,0,1,0%,2
more,0,1,0%,2
paper dikha,0,1,0%,2
paper format,0,1,0%,2
pat leet full form,0,1,0%,2
physics class,0,1,0%,2
polytechnic previous question papers with answers pdf,0,1,0%,2
previous year polytechnic question paper,0,1,0%,2
pyq question,0,1,0%,2
question paper,0,1,0%,2
syllabus of test,0,1,0%,2
website open nhi ho rhi,0,1,0%,2
what is the total marks?,0,1,0%,2
which exam i have to give,0,1,0%,2
yes provide,0,1,0%,2
"(""aluminium"" or ""aluminum"" or ""bauxite"" or ""alumina"" or ""smelter"" or ""wire 
rod"" or ""extrusion"" or ""flat rolled"" or ""foil"" or ""castings"") and (""bis"" or 
""bureau of indian standards"" or ""qco"" or ""fmcs"")",0,1,0%,3
2022,0,1,0%,3
2024 pyq,0,1,0%,3
2year,0,1,0%,3
aisa hota hai kya,0,1,0%,3
civil,0,1,0%,3
d pharmacy 1st year question paper solved pdf 2025 term,0,1,0%,3
diploma ece,0,1,0%,3
diploma result,0,1,0%,3
download link,0,1,0%,3
for civil,0,1,0%,3
govt polytechnic mandkola,0,1,0%,3
ha jana chahte hai,0,1,0%,3
haryana technical education,0,1,0%,3
hnjii,0,1,0%,3
how to download mark sheet,0,1,0%,3
in 2026,0,1,0%,3
its syllabus,0,1,0%,3
koi book batao,0,1,0%,3
leet exam date,0,1,0%,3
negative marking hai,0,1,0%,3
polytechinic,0,1,0%,3
polytechnic diploma previous question papers,0,1,0%,3
previous year question paper d pharma 1st year,0,1,0%,3
previous year question paper diploma 4th semester electrical engineering,0,1,0%,3
result photo,0,1,0%,3
what is hstes counselling,0,1,0%,3
with marks,0,1,0%,3
2026,0,1,0%,4
2026 expected,0,1,0%,4
according to 2026 pattern,0,1,0%,4
btech let,0,1,0%,4
date in 2025,0,1,0%,4
det,0,1,0%,4
exam sample paper,0,1,0%,4
haa,0,1,0%,4
haan batao,0,1,0%,4
hpsc library science previous year questions,0,1,0%,4
http://103.234.185.158/,0,1,0%,4
is there any negative marking,0,1,0%,4
last year ka question paper,0,1,0%,4
last year question paper,0,1,0%,4
leet last date,0,1,0%,4
nhi dikha rha hai,0,1,0%,4
nhi khul rha,0,1,0%,4
paper,0,1,0%,4
previous paper of,0,1,0%,4
question answer,0,1,0%,4
question dikhao,0,1,0%,4
questions paper,0,1,0%,4
syllabus hsbte,0,1,0%,4
sylllabus,0,1,0%,4
103.234 185.158 show_my_result,0,1,0%,5
103.234-185.158,0,1,0%,5
2 yers,0,1,0%,5
221915,0,1,0%,5
bcc,0,1,0%,5
both,0,1,0%,5
chemistry,0,1,0%,5
cintrolina,0,1,0%,5
civil engineering 4th semester previous year question paper,0,1,0%,5
exam date,0,1,0%,5
for computer science,0,1,0%,5
form date 2026,0,1,0%,5
hhbte,0,1,0%,5
high level,0,1,0%,5
how many people give this exam,0,1,0%,5
hsbehe,0,1,0%,5
hsbre,0,1,0%,5
hsbte polytechnic result,0,1,0%,5
hsbte previous year question papers mechanical 3rd sem,0,1,0%,5
hsbte result 3rd sem,0,1,0%,5
hstes or cr,0,1,0%,5
in civil,0,1,0%,5
independent call girls near me,0,1,0%,5
iske pyq,0,1,0%,5
jii,0,1,0%,5
polytechnic previous year question paper pdf download,0,1,0%,5
pyq chahiye,0,1,0%,5
www hsbte com,0,1,0%,5
/.,0,1,0%,6
2023 question paper,0,1,0%,6
220833,0,1,0%,6
applied maths syllabus,0,1,0%,6
ascert@hsbte.org.in,0,1,0%,6
bpharma,0,1,0%,6
building construction,0,1,0%,6
d pharma pyq,0,1,0%,6
d pharmacy 1st year pharmaceutics previous question papers,0,1,0%,6
date,0,1,0%,6
drt 1st year question paper,0,1,0%,6
find,0,1,0%,6
hsbte haryana,0,1,0%,6
hsbte.org,0,1,0%,6
mechanical,0,1,0%,6
regular entry,0,1,0%,6
what is machine learning 223862,0,1,0%,6
पॉलीटेक्निक पेपर pdf 2025,0,1,0%,6
3rd me,0,1,0%,7
d pharmacy 2nd year question paper pdf free download,0,1,0%,7
exam form date,0,1,0%,7
free download,0,1,0%,7
hsbteonline. com,0,1,0%,7
leet exam syllabus for b tech,0,1,0%,7
more questions,0,1,0%,7
pyq hsbte,0,1,0%,7
rechecking results,0,1,0%,7
side result,0,1,0%,7
d pharmacy 1st year question paper,0,1,0%,8
hsbna,0,1,0%,8
hsvte,0,1,0%,8
leet form 2026,0,1,0%,8
ml pyq,0,1,0%,8
mockrank,0,1,0%,8
polytechnic 2nd semester model paper,0,1,0%,8
polytechnic previous question papers with answers pdf download in hindi,0,1,0%,8
previous year question paper d pharma 1 year,0,1,0%,8
"""macro economics"" -site:reddit.com -site:twitter.com -site:x.com 
-site:wykop.pl -site:tripadvisor.com -site:youtube.com -site:yelp.com 
-site:booking.com -site:facebook.com -site:instagram.com -site:tiktok.com",0,1,0%,9
221751,0,1,0%,9
admit card,0,1,0%,9
d pharm pharmaceutics question paper 2025,0,1,0%,9
d pharmacy 1st year question paper 2024,0,1,0%,9
diploma mechanical 4th sem previous question papers,0,1,0%,9
"hpsc assistant professor library and information science previous year 
question papers",0,1,0%,9
hsbte student portal,0,1,0%,9
icop portal,0,1,0%,9
leet 2026 syllabus,0,1,0%,9
leet official website,0,1,0%,9
"ramesh, your colleague shares / circulates jokes and videos with all his 
colleagues in informal breaks and through whatsapp group message. you are a 
member of such group, however, sometimes the content of such jokes and 
videos are demeaning and sometimes outrageous for women members of the 
group. other female members have not objected to this. you feel this is 
sexual harassment for you? true false",0,1,0%,9
rechecking result hsbte,0,1,0%,9
speedpirn,0,1,0%,9
automobile previous year question paper,0,1,0%,10
d pharma last year question paper,0,1,0%,10
d pharma pharmaceutics previous year question paper,0,1,0%,10
d pharmacy 1 year question paper,0,1,0%,10
d pharmacy 1 year question paper 2025,0,1,0%,10
haryana public library act or library legislation haryana,0,1,0%,10
haryana state engineering entrance exam,0,1,0%,10
hsbte solved question papers with answers pdf download,0,1,0%,10
hstes opening and closing rank,0,1,0%,10
ocet registration date 2026,0,1,0%,10
sample paper d pharma 1st year,0,1,0%,10
vfeuks,0,1,0%,10
"""single phase to three phase system"" ""kando system"" slide",0,1,0%,11
answer,0,1,0%,11
automation and robotics diploma question paper 2025,0,1,0%,11
hsbte curriculum,0,1,0%,11
hsbte helpline number,0,1,0%,11
hsbte registration 2026,0,1,0%,11
hsbte.hry,0,1,0%,11
hstes b pharmacy exam date 2026,0,1,0%,11
hstes opening and closing rank 2025,0,1,0%,11
portiant,0,1,0%,11
2008 2011,0,1,0%,12
borosilicates improve the heat resistance of the glass. a. true b. false,0,1,0%,12
d pharma question paper 2026,0,1,0%,12
hstes counselling 2026 date,0,1,0%,12
hstes counselling registration date 2026,0,1,0%,12
leet exam eligibility,0,1,0%,12
d pharma previous year question paper pdf,0,1,0%,13
er20-21t,0,1,0%,13
full form of leet,0,1,0%,13
i am in haryana,0,1,0%,13
pharmaceutical chemistry d pharmacy 1st year question paper,0,1,0%,13
sylabus,0,1,0%,13
automation and robotics diploma question paper with answers pdf,0,1,0%,15
d pharmacy 1st year question paper 2025 pdf download,0,1,0%,15
hsbte result date 2026,0,1,0%,15
hstes cutoff,0,1,0%,15
d pharma 1st year 2025 question paper,0,1,0%,16
diploma engineering mechanics previous question papers,0,1,0%,16
hsbte login,0,1,0%,16
in haryana,0,1,0%,16
pharmacology d pharm 2nd year question paper 2025,0,1,0%,16
d pharmacy 1st year pyq pdf,0,1,0%,17
pharmacy 1st year question paper,0,1,0%,18
hstes result 2026,0,1,0%,19
leetcom,0,1,0%,20
pharm d past papers,0,1,0%,20
hsbte result 2021,0,1,0%,21
glass filetype:pdf,0,1,0%,23
polytechnic question paper,0,1,0%,23
in ship manufacturing the type of layout preferred is,0,1,0%,25
oblicks,0,1,0%,26
pharmaceutics d pharma 1st year question paper,0,1,0%,26
pre-coordinate indexing,0,1,0%,30
hbste.org in,0,1,0%,32
d pharmacy 1st year question paper solved pdf 2024,0,1,0%,33
d pharmacy 2nd year question paper,0,1,0%,34
auxiliary motion,0,1,0%,38
hsbte syllabus electrical engineering,0,1,0%,38
psbte previous year question paper,0,1,0%,39
d pharm 2nd year question papers,0,1,0%,41
d pharmacy 1st year question paper solved pdf,0,1,0%,41
machine learning previous year question paper,0,1,0%,42
a psr will open its contact when,0,1,0%,46
d pharm 2nd year question paper,0,1,0%,46
d pharmacy previous year question papers with answers pdf download,0,1,0%,47
bteup d pharma 1st year previous year question paper,0,1,0%,49
material consisting of text and numbers is best presented as,0,1,0%,56
the blood leaving the tissues become richer in,0,1,0%,56
mesomorphous material,0,1,0%,63
d pharm 2nd year previous question papers,0,1,0%,65
highest bid price in book building method,0,1,0%,66
which of the following information constitutes a trade secret,0,1,0%,66
distinguish between high tech positioning and high touch positioning ignou,0,1,0%,69
"recycling of mlt batteries - motive, lighting and traction",0,1,0%,77
bey & khy,0,1,0%,79
pharm d 1st year question papers,0,1,0%,83
colour and pattern used to fill a closed shape are called,0,1,0%,85
rate of physisorption increases with,0,1,0%,91
d pharmacy 2nd year questions and answers pdf download,0,1,0%,94
hsbte 2025 result,0,1,0%,98
"""mercury"" and ""cad"" filetype:pdf",0,1,0%,139